create table Customers (
	customerID INT,
	firstName VARCHAR(50),
	lastName VARCHAR(50),
	phoneNumber VARCHAR(50),
	address VARCHAR(50),
	vehicleID INT
);
insert into Customers (customerID, firstName, lastName, phoneNumber, address, vehicleID) values (1, 'Eustacia', 'Sicely', '9565059821', 'esicely0@uiuc.edu', 52);
insert into Customers (customerID, firstName, lastName, phoneNumber, address, vehicleID) values (2, 'Isabella', 'McKue', '3824114100', 'imckue1@newyorker.com', 15);
insert into Customers (customerID, firstName, lastName, phoneNumber, address, vehicleID) values (3, 'Justinian', 'Glavin', '6981892154', 'jglavin2@yolasite.com', 12);
insert into Customers (customerID, firstName, lastName, phoneNumber, address, vehicleID) values (4, 'Lilia', 'Inseal', '6615187167', 'linseal3@yahoo.com', 10);
insert into Customers (customerID, firstName, lastName, phoneNumber, address, vehicleID) values (5, 'Odey', 'Nosworthy', '3303062366', 'onosworthy4@scribd.com', 21);
insert into Customers (customerID, firstName, lastName, phoneNumber, address, vehicleID) values (6, 'Bart', 'Hover', '0109915445', 'bhover5@google.ru', 100);
insert into Customers (customerID, firstName, lastName, phoneNumber, address, vehicleID) values (7, 'Milzie', 'Dalgetty', '7434971800', 'mdalgetty6@mapy.cz', 92);
insert into Customers (customerID, firstName, lastName, phoneNumber, address, vehicleID) values (8, 'Bartholomeo', 'Matejovsky', '8289951337', 'bmatejovsky7@biglobe.ne.jp', 30);
insert into Customers (customerID, firstName, lastName, phoneNumber, address, vehicleID) values (9, 'Nedi', 'O''Hanley', '1195647336', 'nohanley8@va.gov', 18);
insert into Customers (customerID, firstName, lastName, phoneNumber, address, vehicleID) values (10, 'Orbadiah', 'Bassingden', '7677185401', 'obassingden9@photobucket.com', 50);
insert into Customers (customerID, firstName, lastName, phoneNumber, address, vehicleID) values (11, 'Adams', 'Cromwell', '5730327382', 'acromwella@csmonitor.com', 95);
insert into Customers (customerID, firstName, lastName, phoneNumber, address, vehicleID) values (12, 'Felicia', 'Caustick', '6303881297', 'fcaustickb@umn.edu', 54);
insert into Customers (customerID, firstName, lastName, phoneNumber, address, vehicleID) values (13, 'Travers', 'Nazareth', '3258945489', 'tnazarethc@ask.com', 94);
insert into Customers (customerID, firstName, lastName, phoneNumber, address, vehicleID) values (14, 'Brew', 'Norcutt', '3649641747', 'bnorcuttd@gizmodo.com', 25);
insert into Customers (customerID, firstName, lastName, phoneNumber, address, vehicleID) values (15, 'Laurena', 'Eustace', '2232217205', 'leustacee@quantcast.com', 33);
insert into Customers (customerID, firstName, lastName, phoneNumber, address, vehicleID) values (16, 'Sherm', 'Wippermann', '2376755441', 'swippermannf@lulu.com', 32);
insert into Customers (customerID, firstName, lastName, phoneNumber, address, vehicleID) values (17, 'Berri', 'Pedler', '0934768447', 'bpedlerg@lycos.com', 88);
insert into Customers (customerID, firstName, lastName, phoneNumber, address, vehicleID) values (18, 'Angelita', 'Gildersleeve', '9325145707', 'agildersleeveh@yahoo.co.jp', 51);
insert into Customers (customerID, firstName, lastName, phoneNumber, address, vehicleID) values (19, 'Meriel', 'Cron', '6945756785', 'mcroni@nhs.uk', 52);
insert into Customers (customerID, firstName, lastName, phoneNumber, address, vehicleID) values (20, 'Goldarina', 'Placstone', '0418839506', 'gplacstonej@spiegel.de', 59);
insert into Customers (customerID, firstName, lastName, phoneNumber, address, vehicleID) values (21, 'Patton', 'Jaumet', '9780550879', 'pjaumetk@meetup.com', 99);
insert into Customers (customerID, firstName, lastName, phoneNumber, address, vehicleID) values (22, 'Nathanial', 'Kemmett', '5685434499', 'nkemmettl@barnesandnoble.com', 58);
insert into Customers (customerID, firstName, lastName, phoneNumber, address, vehicleID) values (23, 'Frederica', 'Brackpool', '3261665203', 'fbrackpoolm@umich.edu', 31);
insert into Customers (customerID, firstName, lastName, phoneNumber, address, vehicleID) values (24, 'Jone', 'Wann', '8281744022', 'jwannn@merriam-webster.com', 57);
insert into Customers (customerID, firstName, lastName, phoneNumber, address, vehicleID) values (25, 'Claudia', 'Dionisi', '2753526826', 'cdionisio@ocn.ne.jp', 84);
insert into Customers (customerID, firstName, lastName, phoneNumber, address, vehicleID) values (26, 'Evangelin', 'Bailles', '3672107778', 'ebaillesp@delicious.com', 22);
insert into Customers (customerID, firstName, lastName, phoneNumber, address, vehicleID) values (27, 'Abeu', 'Crackel', '5593044635', 'acrackelq@dyndns.org', 79);
insert into Customers (customerID, firstName, lastName, phoneNumber, address, vehicleID) values (28, 'Brenda', 'Rugiero', '2416684426', 'brugieror@netvibes.com', 30);
insert into Customers (customerID, firstName, lastName, phoneNumber, address, vehicleID) values (29, 'Tadio', 'Muehle', '1700612867', 'tmuehles@amazonaws.com', 57);
insert into Customers (customerID, firstName, lastName, phoneNumber, address, vehicleID) values (30, 'Royall', 'Rangeley', '2064351205', 'rrangeleyt@usda.gov', 38);
insert into Customers (customerID, firstName, lastName, phoneNumber, address, vehicleID) values (31, 'Philbert', 'Lopez', '1348860995', 'plopezu@macromedia.com', 31);
insert into Customers (customerID, firstName, lastName, phoneNumber, address, vehicleID) values (32, 'Gisele', 'Silverson', '4904554485', 'gsilversonv@europa.eu', 31);
insert into Customers (customerID, firstName, lastName, phoneNumber, address, vehicleID) values (33, 'Mikol', 'Longstreet', '7091115627', 'mlongstreetw@latimes.com', 57);
insert into Customers (customerID, firstName, lastName, phoneNumber, address, vehicleID) values (34, 'Wes', 'Danjoie', '7301085486', 'wdanjoiex@bluehost.com', 26);
insert into Customers (customerID, firstName, lastName, phoneNumber, address, vehicleID) values (35, 'Danila', 'Morfett', '8265813694', 'dmorfetty@friendfeed.com', 25);
insert into Customers (customerID, firstName, lastName, phoneNumber, address, vehicleID) values (36, 'Den', 'Seagrave', '4624107667', 'dseagravez@friendfeed.com', 8);
insert into Customers (customerID, firstName, lastName, phoneNumber, address, vehicleID) values (37, 'Duncan', 'Woodger', '3958190359', 'dwoodger10@fema.gov', 84);
insert into Customers (customerID, firstName, lastName, phoneNumber, address, vehicleID) values (38, 'Chadwick', 'Ronca', '4851948395', 'cronca11@nasa.gov', 91);
insert into Customers (customerID, firstName, lastName, phoneNumber, address, vehicleID) values (39, 'Donetta', 'Ricardon', '1584957212', 'dricardon12@flickr.com', 8);
insert into Customers (customerID, firstName, lastName, phoneNumber, address, vehicleID) values (40, 'Lane', 'Carnaman', '8692307947', 'lcarnaman13@pinterest.com', 30);
insert into Customers (customerID, firstName, lastName, phoneNumber, address, vehicleID) values (41, 'Earvin', 'Melledy', '6140032687', 'emelledy14@is.gd', 42);
insert into Customers (customerID, firstName, lastName, phoneNumber, address, vehicleID) values (42, 'Stella', 'Crame', '1254618244', 'scrame15@booking.com', 24);
insert into Customers (customerID, firstName, lastName, phoneNumber, address, vehicleID) values (43, 'Josephine', 'Glauber', '1226521037', 'jglauber16@sakura.ne.jp', 79);
insert into Customers (customerID, firstName, lastName, phoneNumber, address, vehicleID) values (44, 'Fulvia', 'Boullin', '9602189703', 'fboullin17@google.com.au', 96);
insert into Customers (customerID, firstName, lastName, phoneNumber, address, vehicleID) values (45, 'Paquito', 'Rowan', '6709700488', 'prowan18@ucla.edu', 16);
insert into Customers (customerID, firstName, lastName, phoneNumber, address, vehicleID) values (46, 'Bertina', 'Pyrke', '8717593883', 'bpyrke19@hugedomains.com', 32);
insert into Customers (customerID, firstName, lastName, phoneNumber, address, vehicleID) values (47, 'Caril', 'Stearne', '3433319383', 'cstearne1a@barnesandnoble.com', 78);
insert into Customers (customerID, firstName, lastName, phoneNumber, address, vehicleID) values (48, 'Caspar', 'Elden', '9972781577', 'celden1b@hc360.com', 8);
insert into Customers (customerID, firstName, lastName, phoneNumber, address, vehicleID) values (49, 'Agathe', 'Veryan', '9002037562', 'averyan1c@wsj.com', 24);
insert into Customers (customerID, firstName, lastName, phoneNumber, address, vehicleID) values (50, 'Adriane', 'Ruggier', '1246522403', 'aruggier1d@google.pl', 80);
insert into Customers (customerID, firstName, lastName, phoneNumber, address, vehicleID) values (51, 'Hewie', 'Berriman', '7628210295', 'hberriman1e@wunderground.com', 92);
insert into Customers (customerID, firstName, lastName, phoneNumber, address, vehicleID) values (52, 'Westbrook', 'Dobinson', '4990061667', 'wdobinson1f@studiopress.com', 10);
insert into Customers (customerID, firstName, lastName, phoneNumber, address, vehicleID) values (53, 'Janice', 'Zupa', '6509624591', 'jzupa1g@ucsd.edu', 50);
insert into Customers (customerID, firstName, lastName, phoneNumber, address, vehicleID) values (54, 'Gwyn', 'Biasioli', '8247803674', 'gbiasioli1h@angelfire.com', 23);
insert into Customers (customerID, firstName, lastName, phoneNumber, address, vehicleID) values (55, 'Prentiss', 'Tremonte', '4201595404', 'ptremonte1i@theguardian.com', 24);
insert into Customers (customerID, firstName, lastName, phoneNumber, address, vehicleID) values (56, 'Marylee', 'Woodage', '7546686989', 'mwoodage1j@domainmarket.com', 45);
insert into Customers (customerID, firstName, lastName, phoneNumber, address, vehicleID) values (57, 'Bernie', 'Gracey', '5397329959', 'bgracey1k@eepurl.com', 10);
insert into Customers (customerID, firstName, lastName, phoneNumber, address, vehicleID) values (58, 'Robenia', 'Wintle', '7351757283', 'rwintle1l@etsy.com', 52);
insert into Customers (customerID, firstName, lastName, phoneNumber, address, vehicleID) values (59, 'Carlo', 'Mertgen', '1584700157', 'cmertgen1m@un.org', 89);
insert into Customers (customerID, firstName, lastName, phoneNumber, address, vehicleID) values (60, 'Evangelia', 'Belliveau', '1650474210', 'ebelliveau1n@51.la', 80);
insert into Customers (customerID, firstName, lastName, phoneNumber, address, vehicleID) values (61, 'Andy', 'Oleszczak', '5539111915', 'aoleszczak1o@barnesandnoble.com', 50);
insert into Customers (customerID, firstName, lastName, phoneNumber, address, vehicleID) values (62, 'Kasper', 'Povey', '4013856069', 'kpovey1p@seesaa.net', 57);
insert into Customers (customerID, firstName, lastName, phoneNumber, address, vehicleID) values (63, 'Zebedee', 'Belmont', '7867949062', 'zbelmont1q@theguardian.com', 74);
insert into Customers (customerID, firstName, lastName, phoneNumber, address, vehicleID) values (64, 'Leesa', 'Garnall', '7104396780', 'lgarnall1r@mlb.com', 11);
insert into Customers (customerID, firstName, lastName, phoneNumber, address, vehicleID) values (65, 'Rogerio', 'Morgen', '8374961651', 'rmorgen1s@prlog.org', 46);
insert into Customers (customerID, firstName, lastName, phoneNumber, address, vehicleID) values (66, 'Grier', 'McCaughren', '9765853203', 'gmccaughren1t@blogs.com', 82);
insert into Customers (customerID, firstName, lastName, phoneNumber, address, vehicleID) values (67, 'Kalil', 'Berens', '9970035983', 'kberens1u@unicef.org', 81);
insert into Customers (customerID, firstName, lastName, phoneNumber, address, vehicleID) values (68, 'Vasili', 'Rowthorn', '5131596009', 'vrowthorn1v@foxnews.com', 47);
insert into Customers (customerID, firstName, lastName, phoneNumber, address, vehicleID) values (69, 'Abrahan', 'Lightwing', '2352373476', 'alightwing1w@bizjournals.com', 76);
insert into Customers (customerID, firstName, lastName, phoneNumber, address, vehicleID) values (70, 'Meggy', 'Chatt', '9627021717', 'mchatt1x@ow.ly', 66);
insert into Customers (customerID, firstName, lastName, phoneNumber, address, vehicleID) values (71, 'Estelle', 'Pingstone', '3806339287', 'epingstone1y@usatoday.com', 10);
insert into Customers (customerID, firstName, lastName, phoneNumber, address, vehicleID) values (72, 'Carlie', 'Forson', '3714783121', 'cforson1z@cdbaby.com', 15);
insert into Customers (customerID, firstName, lastName, phoneNumber, address, vehicleID) values (73, 'Hailey', 'Clawsley', '7060422730', 'hclawsley20@dailymail.co.uk', 76);
insert into Customers (customerID, firstName, lastName, phoneNumber, address, vehicleID) values (74, 'Ainslee', 'Jacomb', '5576448170', 'ajacomb21@ted.com', 22);
insert into Customers (customerID, firstName, lastName, phoneNumber, address, vehicleID) values (75, 'Kelsy', 'Welchman', '5174526436', 'kwelchman22@forbes.com', 84);
insert into Customers (customerID, firstName, lastName, phoneNumber, address, vehicleID) values (76, 'Shantee', 'Espinola', '0996791493', 'sespinola23@census.gov', 12);
insert into Customers (customerID, firstName, lastName, phoneNumber, address, vehicleID) values (77, 'Arman', 'Deakan', '2686783087', 'adeakan24@senate.gov', 85);
insert into Customers (customerID, firstName, lastName, phoneNumber, address, vehicleID) values (78, 'Bronnie', 'Marti', '1919425802', 'bmarti25@networksolutions.com', 82);
insert into Customers (customerID, firstName, lastName, phoneNumber, address, vehicleID) values (79, 'Ronda', 'Wedmore.', '7825908813', 'rwedmore26@weebly.com', 26);
insert into Customers (customerID, firstName, lastName, phoneNumber, address, vehicleID) values (80, 'Ellswerth', 'Andrejs', '0845127624', 'eandrejs27@webeden.co.uk', 86);
insert into Customers (customerID, firstName, lastName, phoneNumber, address, vehicleID) values (81, 'Merle', 'Nesbitt', '6893592469', 'mnesbitt28@etsy.com', 60);
insert into Customers (customerID, firstName, lastName, phoneNumber, address, vehicleID) values (82, 'Jed', 'Finding', '8115316776', 'jfinding29@yellowbook.com', 54);
insert into Customers (customerID, firstName, lastName, phoneNumber, address, vehicleID) values (83, 'Myles', 'Hissett', '3926055154', 'mhissett2a@mapquest.com', 24);
insert into Customers (customerID, firstName, lastName, phoneNumber, address, vehicleID) values (84, 'Constantina', 'Weldrick', '7753433121', 'cweldrick2b@fema.gov', 98);
insert into Customers (customerID, firstName, lastName, phoneNumber, address, vehicleID) values (85, 'Marj', 'Shapero', '2206417146', 'mshapero2c@hatena.ne.jp', 7);
insert into Customers (customerID, firstName, lastName, phoneNumber, address, vehicleID) values (86, 'Trude', 'Finnick', '3127589018', 'tfinnick2d@ihg.com', 47);
insert into Customers (customerID, firstName, lastName, phoneNumber, address, vehicleID) values (87, 'Marja', 'Rawlence', '9502445597', 'mrawlence2e@instagram.com', 29);
insert into Customers (customerID, firstName, lastName, phoneNumber, address, vehicleID) values (88, 'Audrey', 'Bernardo', '2440937010', 'abernardo2f@pcworld.com', 98);
insert into Customers (customerID, firstName, lastName, phoneNumber, address, vehicleID) values (89, 'Gratiana', 'Ivons', '8947033766', 'givons2g@com.com', 68);
insert into Customers (customerID, firstName, lastName, phoneNumber, address, vehicleID) values (90, 'Lowell', 'Maffeo', '0262752328', 'lmaffeo2h@typepad.com', 93);
insert into Customers (customerID, firstName, lastName, phoneNumber, address, vehicleID) values (91, 'Dionisio', 'Furmagier', '9958562057', 'dfurmagier2i@phoca.cz', 96);
insert into Customers (customerID, firstName, lastName, phoneNumber, address, vehicleID) values (92, 'Shelly', 'Hakonsson', '8806834851', 'shakonsson2j@upenn.edu', 99);
insert into Customers (customerID, firstName, lastName, phoneNumber, address, vehicleID) values (93, 'Jule', 'Assandri', '2774080185', 'jassandri2k@berkeley.edu', 89);
insert into Customers (customerID, firstName, lastName, phoneNumber, address, vehicleID) values (94, 'Aura', 'Gricks', '2973738229', 'agricks2l@rediff.com', 100);
insert into Customers (customerID, firstName, lastName, phoneNumber, address, vehicleID) values (95, 'Roberta', 'Suthworth', '4260627376', 'rsuthworth2m@prlog.org', 97);
insert into Customers (customerID, firstName, lastName, phoneNumber, address, vehicleID) values (96, 'Ros', 'Garthshore', '1622556658', 'rgarthshore2n@admin.ch', 66);
insert into Customers (customerID, firstName, lastName, phoneNumber, address, vehicleID) values (97, 'Ferrel', 'Goodfellowe', '5251336284', 'fgoodfellowe2o@cnet.com', 32);
insert into Customers (customerID, firstName, lastName, phoneNumber, address, vehicleID) values (98, 'Daile', 'Sharp', '0716017733', 'dsharp2p@sourceforge.net', 29);
insert into Customers (customerID, firstName, lastName, phoneNumber, address, vehicleID) values (99, 'Mireille', 'Littrik', '3696067504', 'mlittrik2q@statcounter.com', 80);
insert into Customers (customerID, firstName, lastName, phoneNumber, address, vehicleID) values (100, 'Ebba', 'Strawbridge', '0275642607', 'estrawbridge2r@aol.com', 21);
--//MECHANICS
create table Mechanics (
	mechanicID INT,
	firstName VARCHAR(50),
	lastName VARCHAR(50),
	phoneNumber VARCHAR(50)
);
insert into Mechanics (mechanicID, firstName, lastName, phoneNumber) values (1, 'Othella', 'Roggero', '0384099785');
insert into Mechanics (mechanicID, firstName, lastName, phoneNumber) values (2, 'Jessy', 'Recher', '3325834728');
insert into Mechanics (mechanicID, firstName, lastName, phoneNumber) values (3, 'Lenore', 'Clymo', '3821009969');
insert into Mechanics (mechanicID, firstName, lastName, phoneNumber) values (4, 'Nari', 'De la Zenne', '0611153866');
insert into Mechanics (mechanicID, firstName, lastName, phoneNumber) values (5, 'Mariann', 'O''Scollee', '7846421611');
insert into Mechanics (mechanicID, firstName, lastName, phoneNumber) values (6, 'Gavin', 'Challes', '3057487084');
insert into Mechanics (mechanicID, firstName, lastName, phoneNumber) values (7, 'Terrance', 'Drysdale', '5181316468');
insert into Mechanics (mechanicID, firstName, lastName, phoneNumber) values (8, 'Bruce', 'Lattimore', '6641439852');
insert into Mechanics (mechanicID, firstName, lastName, phoneNumber) values (9, 'Storm', 'Skeath', '8688657726');
insert into Mechanics (mechanicID, firstName, lastName, phoneNumber) values (10, 'June', 'Wyldbore', '7678975007');
insert into Mechanics (mechanicID, firstName, lastName, phoneNumber) values (11, 'Sunshine', 'Duddell', '8927374924');
insert into Mechanics (mechanicID, firstName, lastName, phoneNumber) values (12, 'Mindy', 'Jeske', '1157234151');
insert into Mechanics (mechanicID, firstName, lastName, phoneNumber) values (13, 'Edwin', 'Westfield', '4029384404');
insert into Mechanics (mechanicID, firstName, lastName, phoneNumber) values (14, 'Shalna', 'Burfield', '1188397877');
insert into Mechanics (mechanicID, firstName, lastName, phoneNumber) values (15, 'Gavrielle', 'Mandeville', '4506904915');
insert into Mechanics (mechanicID, firstName, lastName, phoneNumber) values (16, 'Venus', 'Moulding', '2222513146');
insert into Mechanics (mechanicID, firstName, lastName, phoneNumber) values (17, 'Alf', 'Etchingham', '1247263959');
insert into Mechanics (mechanicID, firstName, lastName, phoneNumber) values (18, 'Kris', 'Orum', '4232816445');
insert into Mechanics (mechanicID, firstName, lastName, phoneNumber) values (19, 'Jermain', 'McSperrin', '3089550423');
insert into Mechanics (mechanicID, firstName, lastName, phoneNumber) values (20, 'Colin', 'Alejandre', '3105655484');
insert into Mechanics (mechanicID, firstName, lastName, phoneNumber) values (21, 'Billie', 'McKibben', '3301697895');
insert into Mechanics (mechanicID, firstName, lastName, phoneNumber) values (22, 'Wyn', 'Rames', '6118987793');
insert into Mechanics (mechanicID, firstName, lastName, phoneNumber) values (23, 'Sheilakathryn', 'Benninger', '6236098964');
insert into Mechanics (mechanicID, firstName, lastName, phoneNumber) values (24, 'Lori', 'Smartman', '8275553296');
insert into Mechanics (mechanicID, firstName, lastName, phoneNumber) values (25, 'Oneida', 'Tomblett', '9754312508');
insert into Mechanics (mechanicID, firstName, lastName, phoneNumber) values (26, 'Alys', 'Lefwich', '2542784302');
insert into Mechanics (mechanicID, firstName, lastName, phoneNumber) values (27, 'Melany', 'Harry', '6430827097');
insert into Mechanics (mechanicID, firstName, lastName, phoneNumber) values (28, 'Niki', 'Aleshkov', '8962689553');
insert into Mechanics (mechanicID, firstName, lastName, phoneNumber) values (29, 'Uriel', 'Woolens', '0901842109');
insert into Mechanics (mechanicID, firstName, lastName, phoneNumber) values (30, 'Alli', 'Massard', '9965654190');
insert into Mechanics (mechanicID, firstName, lastName, phoneNumber) values (31, 'Raynell', 'Ratlee', '9770579777');
insert into Mechanics (mechanicID, firstName, lastName, phoneNumber) values (32, 'Clayson', 'Abadam', '7574528462');
insert into Mechanics (mechanicID, firstName, lastName, phoneNumber) values (33, 'Adena', 'Deeming', '2477364553');
insert into Mechanics (mechanicID, firstName, lastName, phoneNumber) values (34, 'Moyra', 'Robarts', '3453507185');
insert into Mechanics (mechanicID, firstName, lastName, phoneNumber) values (35, 'Gleda', 'Coke', '7258871632');
insert into Mechanics (mechanicID, firstName, lastName, phoneNumber) values (36, 'Myrtle', 'Antonovic', '8795102493');
insert into Mechanics (mechanicID, firstName, lastName, phoneNumber) values (37, 'Sarina', 'Bye', '7659672800');
insert into Mechanics (mechanicID, firstName, lastName, phoneNumber) values (38, 'Zacharias', 'Linggood', '9528170870');
insert into Mechanics (mechanicID, firstName, lastName, phoneNumber) values (39, 'Rolph', 'MacMoyer', '3013925698');
insert into Mechanics (mechanicID, firstName, lastName, phoneNumber) values (40, 'Norma', 'Linke', '6959828562');
insert into Mechanics (mechanicID, firstName, lastName, phoneNumber) values (41, 'Franchot', 'Licciardo', '7905797643');
insert into Mechanics (mechanicID, firstName, lastName, phoneNumber) values (42, 'Dorothee', 'Deverell', '5139808978');
insert into Mechanics (mechanicID, firstName, lastName, phoneNumber) values (43, 'Egor', 'Orwin', '3361465494');
insert into Mechanics (mechanicID, firstName, lastName, phoneNumber) values (44, 'Gerardo', 'Twitching', '0771262213');
insert into Mechanics (mechanicID, firstName, lastName, phoneNumber) values (45, 'Dicky', 'Resdale', '2789754632');
insert into Mechanics (mechanicID, firstName, lastName, phoneNumber) values (46, 'Cooper', 'Hambatch', '7748289875');
insert into Mechanics (mechanicID, firstName, lastName, phoneNumber) values (47, 'Reagan', 'Ruger', '0468732004');
insert into Mechanics (mechanicID, firstName, lastName, phoneNumber) values (48, 'Casandra', 'Blackie', '8143847314');
insert into Mechanics (mechanicID, firstName, lastName, phoneNumber) values (49, 'Cristen', 'Napton', '2804922251');
insert into Mechanics (mechanicID, firstName, lastName, phoneNumber) values (50, 'Wit', 'McIlmorow', '9314020851');
insert into Mechanics (mechanicID, firstName, lastName, phoneNumber) values (51, 'Joelle', 'Pharaoh', '4702910434');
insert into Mechanics (mechanicID, firstName, lastName, phoneNumber) values (52, 'Verne', 'Pooly', '9759270072');
insert into Mechanics (mechanicID, firstName, lastName, phoneNumber) values (53, 'Bethina', 'Hawick', '2617755967');
insert into Mechanics (mechanicID, firstName, lastName, phoneNumber) values (54, 'Jere', 'Walden', '2241652962');
insert into Mechanics (mechanicID, firstName, lastName, phoneNumber) values (55, 'Mattie', 'Klimczak', '5323857919');
insert into Mechanics (mechanicID, firstName, lastName, phoneNumber) values (56, 'Andras', 'Chalker', '4045676953');
insert into Mechanics (mechanicID, firstName, lastName, phoneNumber) values (57, 'Clare', 'Faustin', '7986341416');
insert into Mechanics (mechanicID, firstName, lastName, phoneNumber) values (58, 'Moore', 'Glendining', '7139618232');
insert into Mechanics (mechanicID, firstName, lastName, phoneNumber) values (59, 'Peyter', 'Leahair', '8539871246');
insert into Mechanics (mechanicID, firstName, lastName, phoneNumber) values (60, 'Violetta', 'Vitler', '0904406393');
insert into Mechanics (mechanicID, firstName, lastName, phoneNumber) values (61, 'Ronalda', 'Domoni', '4703856115');
insert into Mechanics (mechanicID, firstName, lastName, phoneNumber) values (62, 'Dorey', 'Pavlovic', '2082281337');
insert into Mechanics (mechanicID, firstName, lastName, phoneNumber) values (63, 'Cobby', 'Bertie', '6481461812');
insert into Mechanics (mechanicID, firstName, lastName, phoneNumber) values (64, 'Thorin', 'Mathewson', '6354199736');
insert into Mechanics (mechanicID, firstName, lastName, phoneNumber) values (65, 'Heriberto', 'Joret', '9203144730');
insert into Mechanics (mechanicID, firstName, lastName, phoneNumber) values (66, 'Louise', 'Biglin', '5086504791');
insert into Mechanics (mechanicID, firstName, lastName, phoneNumber) values (67, 'Pinchas', 'Cutting', '1228627401');
insert into Mechanics (mechanicID, firstName, lastName, phoneNumber) values (68, 'Philly', 'Aumerle', '9995326434');
insert into Mechanics (mechanicID, firstName, lastName, phoneNumber) values (69, 'Edgardo', 'Bushe', '2429217678');
insert into Mechanics (mechanicID, firstName, lastName, phoneNumber) values (70, 'Zebedee', 'Hamlin', '8384209278');
insert into Mechanics (mechanicID, firstName, lastName, phoneNumber) values (71, 'Hurlee', 'Dullard', '4221110716');
insert into Mechanics (mechanicID, firstName, lastName, phoneNumber) values (72, 'Harmonie', 'Carlo', '4765952312');
insert into Mechanics (mechanicID, firstName, lastName, phoneNumber) values (73, 'Hettie', 'Riddiough', '8176353809');
insert into Mechanics (mechanicID, firstName, lastName, phoneNumber) values (74, 'Vilma', 'Buddock', '7563457526');
insert into Mechanics (mechanicID, firstName, lastName, phoneNumber) values (75, 'Sari', 'Polle', '2865495027');
insert into Mechanics (mechanicID, firstName, lastName, phoneNumber) values (76, 'Fin', 'Kleinber', '8421288369');
insert into Mechanics (mechanicID, firstName, lastName, phoneNumber) values (77, 'Cesare', 'Fass', '6553714150');
insert into Mechanics (mechanicID, firstName, lastName, phoneNumber) values (78, 'Cher', 'Spehr', '7451666778');
insert into Mechanics (mechanicID, firstName, lastName, phoneNumber) values (79, 'Skipp', 'Gabbett', '8033979712');
insert into Mechanics (mechanicID, firstName, lastName, phoneNumber) values (80, 'Derrick', 'Stenet', '9529696884');
insert into Mechanics (mechanicID, firstName, lastName, phoneNumber) values (81, 'Ferguson', 'Pourveer', '8899822778');
insert into Mechanics (mechanicID, firstName, lastName, phoneNumber) values (82, 'Arron', 'Hawson', '9648898057');
insert into Mechanics (mechanicID, firstName, lastName, phoneNumber) values (83, 'Burg', 'Gosnay', '0238356787');
insert into Mechanics (mechanicID, firstName, lastName, phoneNumber) values (84, 'Tessie', 'Neville', '2973453119');
insert into Mechanics (mechanicID, firstName, lastName, phoneNumber) values (85, 'Ruthy', 'Beckerleg', '9301314118');
insert into Mechanics (mechanicID, firstName, lastName, phoneNumber) values (86, 'Melva', 'Foulger', '6064408898');
insert into Mechanics (mechanicID, firstName, lastName, phoneNumber) values (87, 'Jeannine', 'Simkin', '0436696274');
insert into Mechanics (mechanicID, firstName, lastName, phoneNumber) values (88, 'Elnora', 'Sivyour', '9204985771');
insert into Mechanics (mechanicID, firstName, lastName, phoneNumber) values (89, 'Sheff', 'Writer', '2967331503');
insert into Mechanics (mechanicID, firstName, lastName, phoneNumber) values (90, 'Ethe', 'Rigard', '1301686581');
insert into Mechanics (mechanicID, firstName, lastName, phoneNumber) values (91, 'Shepherd', 'Trahearn', '1978020236');
insert into Mechanics (mechanicID, firstName, lastName, phoneNumber) values (92, 'Artur', 'Simister', '7559866247');
insert into Mechanics (mechanicID, firstName, lastName, phoneNumber) values (93, 'Miranda', 'Swepstone', '0128235209');
insert into Mechanics (mechanicID, firstName, lastName, phoneNumber) values (94, 'Alix', 'Faloon', '2206240947');
insert into Mechanics (mechanicID, firstName, lastName, phoneNumber) values (95, 'Cicely', 'Deetch', '8517917448');
insert into Mechanics (mechanicID, firstName, lastName, phoneNumber) values (96, 'Winny', 'Mulqueen', '6354161100');
insert into Mechanics (mechanicID, firstName, lastName, phoneNumber) values (97, 'Horatio', 'Kops', '4992938892');
insert into Mechanics (mechanicID, firstName, lastName, phoneNumber) values (98, 'Mikey', 'Phettiplace', '7072592326');
insert into Mechanics (mechanicID, firstName, lastName, phoneNumber) values (99, 'Stephana', 'Fiorentino', '2081097230');
insert into Mechanics (mechanicID, firstName, lastName, phoneNumber) values (100, 'Philomena', 'Cayton', '7770495156');
create table ServiceHistory (
	serviceID INT,
	vehicleID INT,
	serviceDate DATE,
	serviceType VARCHAR(50),
	cost INT,
	mechanicID VARCHAR(50),
	notes VARCHAR(50)
);
insert into ServiceHistory (serviceID, vehicleID, serviceDate, serviceType, cost, mechanicID, notes) values (1, 92, '2023-11-13 00:05:54', 'Sales', 4317, '6562910536', '6356052708');
insert into ServiceHistory (serviceID, vehicleID, serviceDate, serviceType, cost, mechanicID, notes) values (2, 60, '2024-01-14 16:21:25', 'Training', 2659, '0706740858', '3592394797');
insert into ServiceHistory (serviceID, vehicleID, serviceDate, serviceType, cost, mechanicID, notes) values (3, 77, '2024-07-06 11:13:25', 'Research and Development', 4051, '8112758174', '5883847617');
insert into ServiceHistory (serviceID, vehicleID, serviceDate, serviceType, cost, mechanicID, notes) values (4, 33, '2024-04-16 20:27:15', 'Engineering', 3300, '5224757274', '3562668163');
insert into ServiceHistory (serviceID, vehicleID, serviceDate, serviceType, cost, mechanicID, notes) values (5, 89, '2024-01-15 01:11:52', 'Business Development', 1075, '4205630093', '7433592423');
insert into ServiceHistory (serviceID, vehicleID, serviceDate, serviceType, cost, mechanicID, notes) values (6, 72, '2024-03-22 23:11:08', 'Support', 4260, '1063313171', '0751985732');
insert into ServiceHistory (serviceID, vehicleID, serviceDate, serviceType, cost, mechanicID, notes) values (7, 95, '2023-10-15 23:26:06', 'Sales', 3549, '7286522663', '3167495774');
insert into ServiceHistory (serviceID, vehicleID, serviceDate, serviceType, cost, mechanicID, notes) values (8, 92, '2023-10-14 07:55:29', 'Human Resources', 4100, '1625917597', '2985940591');
insert into ServiceHistory (serviceID, vehicleID, serviceDate, serviceType, cost, mechanicID, notes) values (9, 24, '2024-08-15 22:27:32', 'Support', 1302, '8480039744', '3754395165');
insert into ServiceHistory (serviceID, vehicleID, serviceDate, serviceType, cost, mechanicID, notes) values (10, 26, '2024-04-04 23:52:10', 'Legal', 1503, '3280318653', '9037197922');
insert into ServiceHistory (serviceID, vehicleID, serviceDate, serviceType, cost, mechanicID, notes) values (11, 54, '2023-12-29 05:42:58', 'Human Resources', 3657, '8292520805', '0870478494');
insert into ServiceHistory (serviceID, vehicleID, serviceDate, serviceType, cost, mechanicID, notes) values (12, 87, '2023-10-26 09:59:39', 'Human Resources', 1303, '3975696591', '1890472263');
insert into ServiceHistory (serviceID, vehicleID, serviceDate, serviceType, cost, mechanicID, notes) values (13, 41, '2024-01-25 16:44:22', 'Human Resources', 1629, '9852392298', '8734962689');
insert into ServiceHistory (serviceID, vehicleID, serviceDate, serviceType, cost, mechanicID, notes) values (14, 48, '2023-11-07 09:04:26', 'Sales', 4330, '1258286386', '4817608986');
insert into ServiceHistory (serviceID, vehicleID, serviceDate, serviceType, cost, mechanicID, notes) values (15, 96, '2024-02-11 07:16:56', 'Legal', 2176, '5315716856', '3885405253');
insert into ServiceHistory (serviceID, vehicleID, serviceDate, serviceType, cost, mechanicID, notes) values (16, 97, '2023-11-22 13:45:43', 'Engineering', 4604, '0779726480', '3515638792');
insert into ServiceHistory (serviceID, vehicleID, serviceDate, serviceType, cost, mechanicID, notes) values (17, 88, '2024-03-24 00:14:26', 'Product Management', 2601, '3547142652', '8261493954');
insert into ServiceHistory (serviceID, vehicleID, serviceDate, serviceType, cost, mechanicID, notes) values (18, 21, '2024-07-12 03:15:22', 'Services', 2760, '0933741944', '4129138405');
insert into ServiceHistory (serviceID, vehicleID, serviceDate, serviceType, cost, mechanicID, notes) values (19, 56, '2024-03-24 20:11:40', 'Sales', 1085, '1668490293', '8241602294');
insert into ServiceHistory (serviceID, vehicleID, serviceDate, serviceType, cost, mechanicID, notes) values (20, 92, '2024-04-05 15:02:55', 'Research and Development', 2136, '3271614326', '8431669535');
insert into ServiceHistory (serviceID, vehicleID, serviceDate, serviceType, cost, mechanicID, notes) values (21, 18, '2023-10-07 03:50:10', 'Research and Development', 3148, '1522697853', '8457838199');
insert into ServiceHistory (serviceID, vehicleID, serviceDate, serviceType, cost, mechanicID, notes) values (22, 83, '2024-03-08 14:49:26', 'Training', 4317, '4886673295', '2543332790');
insert into ServiceHistory (serviceID, vehicleID, serviceDate, serviceType, cost, mechanicID, notes) values (23, 73, '2023-11-06 16:51:56', 'Training', 4329, '8765963148', '6794065010');
insert into ServiceHistory (serviceID, vehicleID, serviceDate, serviceType, cost, mechanicID, notes) values (24, 5, '2023-12-06 21:58:14', 'Engineering', 2754, '0953823547', '2476057371');
insert into ServiceHistory (serviceID, vehicleID, serviceDate, serviceType, cost, mechanicID, notes) values (25, 25, '2024-04-05 16:59:05', 'Legal', 3296, '0302661441', '5728267750');
insert into ServiceHistory (serviceID, vehicleID, serviceDate, serviceType, cost, mechanicID, notes) values (26, 67, '2024-06-20 04:03:46', 'Business Development', 1930, '2011598192', '2173045784');
insert into ServiceHistory (serviceID, vehicleID, serviceDate, serviceType, cost, mechanicID, notes) values (27, 2, '2024-09-03 15:18:51', 'Legal', 4482, '1653420103', '5209092666');
insert into ServiceHistory (serviceID, vehicleID, serviceDate, serviceType, cost, mechanicID, notes) values (28, 18, '2024-07-05 12:32:04', 'Product Management', 1129, '0257901507', '9988569149');
insert into ServiceHistory (serviceID, vehicleID, serviceDate, serviceType, cost, mechanicID, notes) values (29, 4, '2023-12-13 03:23:24', 'Research and Development', 4424, '7795209572', '1734451203');
insert into ServiceHistory (serviceID, vehicleID, serviceDate, serviceType, cost, mechanicID, notes) values (30, 27, '2024-08-08 23:28:41', 'Research and Development', 3670, '2230832182', '9519965300');
insert into ServiceHistory (serviceID, vehicleID, serviceDate, serviceType, cost, mechanicID, notes) values (31, 35, '2024-02-23 08:44:31', 'Product Management', 2017, '1907089179', '1512763667');
insert into ServiceHistory (serviceID, vehicleID, serviceDate, serviceType, cost, mechanicID, notes) values (32, 57, '2024-04-22 20:29:09', 'Sales', 2144, '8927476247', '2227838604');
insert into ServiceHistory (serviceID, vehicleID, serviceDate, serviceType, cost, mechanicID, notes) values (33, 32, '2023-11-14 08:45:16', 'Marketing', 1479, '9314793923', '2473832072');
insert into ServiceHistory (serviceID, vehicleID, serviceDate, serviceType, cost, mechanicID, notes) values (34, 99, '2023-09-24 07:24:41', 'Legal', 2512, '2520985143', '7332555867');
insert into ServiceHistory (serviceID, vehicleID, serviceDate, serviceType, cost, mechanicID, notes) values (35, 52, '2024-01-15 16:49:56', 'Business Development', 4848, '7789983873', '0566767163');
insert into ServiceHistory (serviceID, vehicleID, serviceDate, serviceType, cost, mechanicID, notes) values (36, 43, '2024-05-20 11:36:59', 'Support', 2666, '1160552452', '1404066225');
insert into ServiceHistory (serviceID, vehicleID, serviceDate, serviceType, cost, mechanicID, notes) values (37, 98, '2024-09-09 05:34:18', 'Training', 2536, '7929161870', '3273421029');
insert into ServiceHistory (serviceID, vehicleID, serviceDate, serviceType, cost, mechanicID, notes) values (38, 83, '2024-01-18 08:39:26', 'Accounting', 3749, '3997961387', '9163499363');
insert into ServiceHistory (serviceID, vehicleID, serviceDate, serviceType, cost, mechanicID, notes) values (39, 30, '2024-08-02 20:19:03', 'Services', 4602, '1556247141', '2699239569');
insert into ServiceHistory (serviceID, vehicleID, serviceDate, serviceType, cost, mechanicID, notes) values (40, 3, '2024-06-13 06:23:08', 'Engineering', 2562, '8689035869', '1264934459');
insert into ServiceHistory (serviceID, vehicleID, serviceDate, serviceType, cost, mechanicID, notes) values (41, 64, '2024-01-13 19:09:09', 'Product Management', 4314, '7269410933', '0155708457');
insert into ServiceHistory (serviceID, vehicleID, serviceDate, serviceType, cost, mechanicID, notes) values (42, 73, '2024-02-27 10:55:28', 'Engineering', 4602, '9289413379', '6378591695');
insert into ServiceHistory (serviceID, vehicleID, serviceDate, serviceType, cost, mechanicID, notes) values (43, 72, '2023-09-26 12:23:00', 'Support', 3768, '9664003042', '9406917734');
insert into ServiceHistory (serviceID, vehicleID, serviceDate, serviceType, cost, mechanicID, notes) values (44, 91, '2023-10-02 23:49:59', 'Legal', 3689, '9241859210', '9435520855');
insert into ServiceHistory (serviceID, vehicleID, serviceDate, serviceType, cost, mechanicID, notes) values (45, 65, '2024-03-15 02:24:21', 'Training', 1232, '3903782696', '7137159745');
insert into ServiceHistory (serviceID, vehicleID, serviceDate, serviceType, cost, mechanicID, notes) values (46, 54, '2024-01-13 04:46:56', 'Support', 2921, '9754987971', '4644634034');
insert into ServiceHistory (serviceID, vehicleID, serviceDate, serviceType, cost, mechanicID, notes) values (47, 58, '2024-08-06 02:16:56', 'Engineering', 3160, '6800000035', '5055378824');
insert into ServiceHistory (serviceID, vehicleID, serviceDate, serviceType, cost, mechanicID, notes) values (48, 54, '2024-06-29 06:13:05', 'Marketing', 2809, '3045284485', '0276473191');
insert into ServiceHistory (serviceID, vehicleID, serviceDate, serviceType, cost, mechanicID, notes) values (49, 44, '2024-06-02 00:15:25', 'Business Development', 1725, '8717117194', '6223861087');
insert into ServiceHistory (serviceID, vehicleID, serviceDate, serviceType, cost, mechanicID, notes) values (50, 63, '2024-07-01 15:02:41', 'Sales', 1169, '3746053528', '3591086983');
insert into ServiceHistory (serviceID, vehicleID, serviceDate, serviceType, cost, mechanicID, notes) values (51, 56, '2023-12-19 11:15:43', 'Research and Development', 1376, '4123983081', '0574590412');
insert into ServiceHistory (serviceID, vehicleID, serviceDate, serviceType, cost, mechanicID, notes) values (52, 19, '2023-09-22 23:05:35', 'Support', 1672, '6583095157', '5741733689');
insert into ServiceHistory (serviceID, vehicleID, serviceDate, serviceType, cost, mechanicID, notes) values (53, 86, '2024-01-09 02:23:56', 'Accounting', 3686, '5050157870', '0680681108');
insert into ServiceHistory (serviceID, vehicleID, serviceDate, serviceType, cost, mechanicID, notes) values (54, 57, '2024-01-10 02:59:59', 'Accounting', 3571, '7165992065', '1378696883');
insert into ServiceHistory (serviceID, vehicleID, serviceDate, serviceType, cost, mechanicID, notes) values (55, 70, '2023-11-18 04:40:01', 'Human Resources', 1684, '3981184378', '2167965966');
insert into ServiceHistory (serviceID, vehicleID, serviceDate, serviceType, cost, mechanicID, notes) values (56, 36, '2024-07-29 14:52:25', 'Engineering', 3823, '8369563708', '8225451627');
insert into ServiceHistory (serviceID, vehicleID, serviceDate, serviceType, cost, mechanicID, notes) values (57, 54, '2023-11-29 05:39:01', 'Human Resources', 3942, '8497919874', '0897902408');
insert into ServiceHistory (serviceID, vehicleID, serviceDate, serviceType, cost, mechanicID, notes) values (58, 64, '2024-05-06 06:09:52', 'Sales', 2825, '2564293808', '8050989852');
insert into ServiceHistory (serviceID, vehicleID, serviceDate, serviceType, cost, mechanicID, notes) values (59, 60, '2024-08-13 03:13:18', 'Training', 4778, '6311986345', '3512458297');
insert into ServiceHistory (serviceID, vehicleID, serviceDate, serviceType, cost, mechanicID, notes) values (60, 44, '2024-09-01 08:30:52', 'Accounting', 3601, '6184581996', '6991011738');
insert into ServiceHistory (serviceID, vehicleID, serviceDate, serviceType, cost, mechanicID, notes) values (61, 23, '2024-02-10 07:11:40', 'Services', 2166, '6036861354', '7137534317');
insert into ServiceHistory (serviceID, vehicleID, serviceDate, serviceType, cost, mechanicID, notes) values (62, 88, '2024-05-30 14:57:53', 'Training', 4326, '1346770948', '3169159356');
insert into ServiceHistory (serviceID, vehicleID, serviceDate, serviceType, cost, mechanicID, notes) values (63, 95, '2023-10-25 02:39:05', 'Research and Development', 2303, '8018259798', '6662898503');
insert into ServiceHistory (serviceID, vehicleID, serviceDate, serviceType, cost, mechanicID, notes) values (64, 53, '2024-08-29 14:54:23', 'Marketing', 3743, '0678100500', '0133876985');
insert into ServiceHistory (serviceID, vehicleID, serviceDate, serviceType, cost, mechanicID, notes) values (65, 73, '2024-03-05 06:31:57', 'Services', 4920, '2584093472', '4977633504');
insert into ServiceHistory (serviceID, vehicleID, serviceDate, serviceType, cost, mechanicID, notes) values (66, 30, '2024-06-03 12:30:45', 'Human Resources', 3101, '4702688545', '3407499825');
insert into ServiceHistory (serviceID, vehicleID, serviceDate, serviceType, cost, mechanicID, notes) values (67, 78, '2024-03-21 03:23:40', 'Human Resources', 1975, '1806073870', '8620569791');
insert into ServiceHistory (serviceID, vehicleID, serviceDate, serviceType, cost, mechanicID, notes) values (68, 89, '2024-01-07 07:51:10', 'Support', 1588, '1889583553', '4199542906');
insert into ServiceHistory (serviceID, vehicleID, serviceDate, serviceType, cost, mechanicID, notes) values (69, 7, '2024-01-08 05:18:17', 'Research and Development', 4851, '5014969151', '2505376182');
insert into ServiceHistory (serviceID, vehicleID, serviceDate, serviceType, cost, mechanicID, notes) values (70, 14, '2024-04-13 15:42:04', 'Marketing', 3248, '1892756323', '2503303137');
insert into ServiceHistory (serviceID, vehicleID, serviceDate, serviceType, cost, mechanicID, notes) values (71, 59, '2024-08-22 00:14:12', 'Business Development', 4103, '6321934364', '3765917060');
insert into ServiceHistory (serviceID, vehicleID, serviceDate, serviceType, cost, mechanicID, notes) values (72, 68, '2024-02-26 06:42:06', 'Human Resources', 4262, '1304275183', '2051031789');
insert into ServiceHistory (serviceID, vehicleID, serviceDate, serviceType, cost, mechanicID, notes) values (73, 2, '2024-02-08 02:37:36', 'Legal', 1394, '5987594456', '4885201950');
insert into ServiceHistory (serviceID, vehicleID, serviceDate, serviceType, cost, mechanicID, notes) values (74, 53, '2024-01-16 09:30:46', 'Engineering', 4374, '6017396439', '5104208621');
insert into ServiceHistory (serviceID, vehicleID, serviceDate, serviceType, cost, mechanicID, notes) values (75, 51, '2024-03-27 22:38:57', 'Engineering', 4493, '0374545286', '2250808341');
insert into ServiceHistory (serviceID, vehicleID, serviceDate, serviceType, cost, mechanicID, notes) values (76, 68, '2024-03-09 22:54:00', 'Sales', 4055, '5461254829', '8999155226');
insert into ServiceHistory (serviceID, vehicleID, serviceDate, serviceType, cost, mechanicID, notes) values (77, 71, '2023-10-24 15:09:10', 'Business Development', 2527, '6396705591', '2029229970');
insert into ServiceHistory (serviceID, vehicleID, serviceDate, serviceType, cost, mechanicID, notes) values (78, 93, '2024-02-01 16:17:10', 'Sales', 2508, '9617409933', '5699205616');
insert into ServiceHistory (serviceID, vehicleID, serviceDate, serviceType, cost, mechanicID, notes) values (79, 52, '2023-12-30 08:19:35', 'Accounting', 2474, '7645544511', '4600418506');
insert into ServiceHistory (serviceID, vehicleID, serviceDate, serviceType, cost, mechanicID, notes) values (80, 27, '2023-11-16 08:22:20', 'Human Resources', 1257, '4295039950', '8509631735');
insert into ServiceHistory (serviceID, vehicleID, serviceDate, serviceType, cost, mechanicID, notes) values (81, 16, '2024-01-10 04:20:08', 'Engineering', 4560, '8648308194', '5214708300');
insert into ServiceHistory (serviceID, vehicleID, serviceDate, serviceType, cost, mechanicID, notes) values (82, 48, '2024-01-10 19:30:58', 'Human Resources', 4898, '8874371322', '8922361018');
insert into ServiceHistory (serviceID, vehicleID, serviceDate, serviceType, cost, mechanicID, notes) values (83, 95, '2024-04-15 16:15:29', 'Legal', 1295, '8208860298', '7670368462');
insert into ServiceHistory (serviceID, vehicleID, serviceDate, serviceType, cost, mechanicID, notes) values (84, 70, '2024-04-28 06:25:59', 'Marketing', 3716, '0328634719', '5851703296');
insert into ServiceHistory (serviceID, vehicleID, serviceDate, serviceType, cost, mechanicID, notes) values (85, 14, '2023-11-06 03:05:04', 'Legal', 3190, '5315301605', '8139152579');
insert into ServiceHistory (serviceID, vehicleID, serviceDate, serviceType, cost, mechanicID, notes) values (86, 4, '2024-03-25 02:21:09', 'Legal', 3924, '7281108877', '1090118384');
insert into ServiceHistory (serviceID, vehicleID, serviceDate, serviceType, cost, mechanicID, notes) values (87, 23, '2023-11-08 16:51:12', 'Services', 2244, '6316330561', '5123942688');
insert into ServiceHistory (serviceID, vehicleID, serviceDate, serviceType, cost, mechanicID, notes) values (88, 36, '2024-04-03 13:46:12', 'Research and Development', 1668, '7690083633', '6932228130');
insert into ServiceHistory (serviceID, vehicleID, serviceDate, serviceType, cost, mechanicID, notes) values (89, 23, '2024-02-25 09:22:30', 'Marketing', 1870, '0660951924', '4192184532');
insert into ServiceHistory (serviceID, vehicleID, serviceDate, serviceType, cost, mechanicID, notes) values (90, 26, '2023-12-17 14:01:48', 'Product Management', 1403, '4485227294', '2101348721');
insert into ServiceHistory (serviceID, vehicleID, serviceDate, serviceType, cost, mechanicID, notes) values (91, 43, '2024-01-03 22:39:55', 'Engineering', 3089, '4681467286', '5572654655');
insert into ServiceHistory (serviceID, vehicleID, serviceDate, serviceType, cost, mechanicID, notes) values (92, 74, '2024-05-01 11:07:16', 'Accounting', 3360, '7288638960', '0467513481');
insert into ServiceHistory (serviceID, vehicleID, serviceDate, serviceType, cost, mechanicID, notes) values (93, 85, '2023-11-08 09:37:47', 'Research and Development', 1936, '3841174523', '1943449716');
insert into ServiceHistory (serviceID, vehicleID, serviceDate, serviceType, cost, mechanicID, notes) values (94, 95, '2024-03-14 05:08:08', 'Marketing', 4925, '9845210783', '8901979101');
insert into ServiceHistory (serviceID, vehicleID, serviceDate, serviceType, cost, mechanicID, notes) values (95, 32, '2023-12-06 22:50:52', 'Legal', 1687, '6152179017', '7229417627');
insert into ServiceHistory (serviceID, vehicleID, serviceDate, serviceType, cost, mechanicID, notes) values (96, 70, '2024-07-27 00:16:40', 'Training', 2937, '0845583247', '5799853210');
insert into ServiceHistory (serviceID, vehicleID, serviceDate, serviceType, cost, mechanicID, notes) values (97, 13, '2024-09-01 12:56:35', 'Human Resources', 4135, '5074176506', '1781839700');
insert into ServiceHistory (serviceID, vehicleID, serviceDate, serviceType, cost, mechanicID, notes) values (98, 60, '2023-10-04 11:41:55', 'Accounting', 3717, '5066448322', '0342773186');
insert into ServiceHistory (serviceID, vehicleID, serviceDate, serviceType, cost, mechanicID, notes) values (99, 20, '2024-08-07 22:50:06', 'Research and Development', 2314, '7205769590', '4477603339');
insert into ServiceHistory (serviceID, vehicleID, serviceDate, serviceType, cost, mechanicID, notes) values (100, 14, '2024-06-01 03:51:44', 'Research and Development', 3085, '9823201021', '3561699766');
create table ServiceRequests (
	requestID INT,
	customerID INT,
	vehicleID INT,
	requestDate DATE,
	serviceType VARCHAR(50),
	serviceStatus INT,
	mechanicID INT
);
insert into ServiceRequests (requestID, customerID, vehicleID, requestDate, serviceType, serviceStatus, mechanicID) values (1, 40, 85, '2024-07-25 04:20:47', 'Training', 61, 22);
insert into ServiceRequests (requestID, customerID, vehicleID, requestDate, serviceType, serviceStatus, mechanicID) values (2, 18, 70, '2024-06-02 22:40:48', 'Support', 66, 82);
insert into ServiceRequests (requestID, customerID, vehicleID, requestDate, serviceType, serviceStatus, mechanicID) values (3, 41, 41, '2023-10-12 05:57:58', 'Legal', 59, 31);
insert into ServiceRequests (requestID, customerID, vehicleID, requestDate, serviceType, serviceStatus, mechanicID) values (4, 74, 97, '2024-01-31 06:40:29', 'Sales', 90, 8);
insert into ServiceRequests (requestID, customerID, vehicleID, requestDate, serviceType, serviceStatus, mechanicID) values (5, 30, 86, '2024-02-20 03:05:49', 'Human Resources', 48, 29);
insert into ServiceRequests (requestID, customerID, vehicleID, requestDate, serviceType, serviceStatus, mechanicID) values (6, 40, 10, '2023-11-14 00:18:06', 'Research and Development', 92, 89);
insert into ServiceRequests (requestID, customerID, vehicleID, requestDate, serviceType, serviceStatus, mechanicID) values (7, 74, 40, '2024-08-26 03:56:59', 'Sales', 11, 2);
insert into ServiceRequests (requestID, customerID, vehicleID, requestDate, serviceType, serviceStatus, mechanicID) values (8, 42, 25, '2024-01-01 16:27:27', 'Engineering', 7, 24);
insert into ServiceRequests (requestID, customerID, vehicleID, requestDate, serviceType, serviceStatus, mechanicID) values (9, 39, 56, '2023-10-30 11:25:55', 'Human Resources', 74, 46);
insert into ServiceRequests (requestID, customerID, vehicleID, requestDate, serviceType, serviceStatus, mechanicID) values (10, 54, 4, '2023-10-29 22:33:29', 'Research and Development', 58, 97);
insert into ServiceRequests (requestID, customerID, vehicleID, requestDate, serviceType, serviceStatus, mechanicID) values (11, 37, 69, '2024-05-15 18:11:57', 'Sales', 19, 26);
insert into ServiceRequests (requestID, customerID, vehicleID, requestDate, serviceType, serviceStatus, mechanicID) values (12, 83, 26, '2024-07-11 04:55:10', 'Business Development', 82, 61);
insert into ServiceRequests (requestID, customerID, vehicleID, requestDate, serviceType, serviceStatus, mechanicID) values (13, 60, 98, '2024-07-23 21:54:38', 'Product Management', 72, 51);
insert into ServiceRequests (requestID, customerID, vehicleID, requestDate, serviceType, serviceStatus, mechanicID) values (14, 62, 31, '2024-04-24 09:57:22', 'Training', 8, 94);
insert into ServiceRequests (requestID, customerID, vehicleID, requestDate, serviceType, serviceStatus, mechanicID) values (15, 83, 64, '2024-01-29 18:25:04', 'Support', 25, 34);
insert into ServiceRequests (requestID, customerID, vehicleID, requestDate, serviceType, serviceStatus, mechanicID) values (16, 60, 73, '2023-11-19 02:27:15', 'Marketing', 25, 6);
insert into ServiceRequests (requestID, customerID, vehicleID, requestDate, serviceType, serviceStatus, mechanicID) values (17, 64, 27, '2024-06-04 10:46:17', 'Product Management', 74, 75);
insert into ServiceRequests (requestID, customerID, vehicleID, requestDate, serviceType, serviceStatus, mechanicID) values (18, 28, 59, '2024-01-14 02:39:39', 'Accounting', 91, 91);
insert into ServiceRequests (requestID, customerID, vehicleID, requestDate, serviceType, serviceStatus, mechanicID) values (19, 100, 65, '2023-10-19 07:22:35', 'Legal', 51, 98);
insert into ServiceRequests (requestID, customerID, vehicleID, requestDate, serviceType, serviceStatus, mechanicID) values (20, 10, 32, '2024-08-06 23:38:43', 'Marketing', 71, 41);
insert into ServiceRequests (requestID, customerID, vehicleID, requestDate, serviceType, serviceStatus, mechanicID) values (21, 93, 18, '2023-10-04 01:12:55', 'Research and Development', 35, 88);
insert into ServiceRequests (requestID, customerID, vehicleID, requestDate, serviceType, serviceStatus, mechanicID) values (22, 86, 3, '2024-04-07 07:16:52', 'Marketing', 68, 98);
insert into ServiceRequests (requestID, customerID, vehicleID, requestDate, serviceType, serviceStatus, mechanicID) values (23, 18, 70, '2023-10-25 05:33:25', 'Accounting', 88, 17);
insert into ServiceRequests (requestID, customerID, vehicleID, requestDate, serviceType, serviceStatus, mechanicID) values (24, 62, 55, '2023-12-27 09:49:31', 'Engineering', 73, 94);
insert into ServiceRequests (requestID, customerID, vehicleID, requestDate, serviceType, serviceStatus, mechanicID) values (25, 17, 46, '2024-05-29 17:40:22', 'Human Resources', 64, 89);
insert into ServiceRequests (requestID, customerID, vehicleID, requestDate, serviceType, serviceStatus, mechanicID) values (26, 100, 5, '2024-04-13 22:49:18', 'Research and Development', 9, 12);
insert into ServiceRequests (requestID, customerID, vehicleID, requestDate, serviceType, serviceStatus, mechanicID) values (27, 32, 78, '2024-05-23 06:45:45', 'Legal', 72, 75);
insert into ServiceRequests (requestID, customerID, vehicleID, requestDate, serviceType, serviceStatus, mechanicID) values (28, 42, 58, '2023-10-12 15:00:52', 'Research and Development', 63, 29);
insert into ServiceRequests (requestID, customerID, vehicleID, requestDate, serviceType, serviceStatus, mechanicID) values (29, 46, 88, '2024-07-29 21:20:05', 'Human Resources', 96, 59);
insert into ServiceRequests (requestID, customerID, vehicleID, requestDate, serviceType, serviceStatus, mechanicID) values (30, 13, 32, '2024-06-03 06:39:44', 'Accounting', 54, 43);
insert into ServiceRequests (requestID, customerID, vehicleID, requestDate, serviceType, serviceStatus, mechanicID) values (31, 71, 76, '2024-01-04 01:31:57', 'Research and Development', 24, 8);
insert into ServiceRequests (requestID, customerID, vehicleID, requestDate, serviceType, serviceStatus, mechanicID) values (32, 25, 33, '2024-01-24 12:36:19', 'Services', 35, 6);
insert into ServiceRequests (requestID, customerID, vehicleID, requestDate, serviceType, serviceStatus, mechanicID) values (33, 93, 85, '2024-01-12 05:34:44', 'Accounting', 40, 14);
insert into ServiceRequests (requestID, customerID, vehicleID, requestDate, serviceType, serviceStatus, mechanicID) values (34, 57, 82, '2024-03-18 08:43:00', 'Legal', 49, 89);
insert into ServiceRequests (requestID, customerID, vehicleID, requestDate, serviceType, serviceStatus, mechanicID) values (35, 91, 97, '2024-05-23 21:03:04', 'Business Development', 12, 81);
insert into ServiceRequests (requestID, customerID, vehicleID, requestDate, serviceType, serviceStatus, mechanicID) values (36, 70, 94, '2024-06-11 07:30:13', 'Legal', 73, 72);
insert into ServiceRequests (requestID, customerID, vehicleID, requestDate, serviceType, serviceStatus, mechanicID) values (37, 95, 2, '2023-10-08 19:23:33', 'Sales', 66, 66);
insert into ServiceRequests (requestID, customerID, vehicleID, requestDate, serviceType, serviceStatus, mechanicID) values (38, 84, 88, '2023-11-25 22:06:03', 'Accounting', 56, 90);
insert into ServiceRequests (requestID, customerID, vehicleID, requestDate, serviceType, serviceStatus, mechanicID) values (39, 16, 54, '2024-04-12 13:39:55', 'Product Management', 58, 47);
insert into ServiceRequests (requestID, customerID, vehicleID, requestDate, serviceType, serviceStatus, mechanicID) values (40, 85, 83, '2024-07-26 22:16:35', 'Training', 69, 43);
insert into ServiceRequests (requestID, customerID, vehicleID, requestDate, serviceType, serviceStatus, mechanicID) values (41, 100, 59, '2024-01-03 07:18:12', 'Engineering', 23, 56);
insert into ServiceRequests (requestID, customerID, vehicleID, requestDate, serviceType, serviceStatus, mechanicID) values (42, 5, 74, '2023-10-16 16:37:26', 'Support', 72, 97);
insert into ServiceRequests (requestID, customerID, vehicleID, requestDate, serviceType, serviceStatus, mechanicID) values (43, 24, 21, '2023-11-05 10:35:53', 'Business Development', 4, 2);
insert into ServiceRequests (requestID, customerID, vehicleID, requestDate, serviceType, serviceStatus, mechanicID) values (44, 56, 47, '2024-03-09 03:32:26', 'Product Management', 100, 53);
insert into ServiceRequests (requestID, customerID, vehicleID, requestDate, serviceType, serviceStatus, mechanicID) values (45, 32, 100, '2024-01-14 19:10:36', 'Research and Development', 100, 13);
insert into ServiceRequests (requestID, customerID, vehicleID, requestDate, serviceType, serviceStatus, mechanicID) values (46, 74, 57, '2024-07-03 20:01:57', 'Research and Development', 72, 76);
insert into ServiceRequests (requestID, customerID, vehicleID, requestDate, serviceType, serviceStatus, mechanicID) values (47, 17, 53, '2023-12-03 05:00:42', 'Marketing', 89, 75);
insert into ServiceRequests (requestID, customerID, vehicleID, requestDate, serviceType, serviceStatus, mechanicID) values (48, 78, 27, '2023-12-27 02:15:05', 'Legal', 7, 16);
insert into ServiceRequests (requestID, customerID, vehicleID, requestDate, serviceType, serviceStatus, mechanicID) values (49, 11, 15, '2024-01-15 03:43:36', 'Engineering', 2, 84);
insert into ServiceRequests (requestID, customerID, vehicleID, requestDate, serviceType, serviceStatus, mechanicID) values (50, 96, 78, '2024-08-23 22:05:56', 'Accounting', 9, 56);
insert into ServiceRequests (requestID, customerID, vehicleID, requestDate, serviceType, serviceStatus, mechanicID) values (51, 28, 70, '2024-05-26 12:31:10', 'Research and Development', 74, 38);
insert into ServiceRequests (requestID, customerID, vehicleID, requestDate, serviceType, serviceStatus, mechanicID) values (52, 100, 86, '2024-02-12 13:51:14', 'Services', 62, 90);
insert into ServiceRequests (requestID, customerID, vehicleID, requestDate, serviceType, serviceStatus, mechanicID) values (53, 75, 23, '2024-07-22 08:26:36', 'Sales', 85, 42);
insert into ServiceRequests (requestID, customerID, vehicleID, requestDate, serviceType, serviceStatus, mechanicID) values (54, 72, 70, '2024-03-12 12:23:43', 'Support', 42, 98);
insert into ServiceRequests (requestID, customerID, vehicleID, requestDate, serviceType, serviceStatus, mechanicID) values (55, 6, 51, '2024-03-04 20:54:25', 'Support', 57, 6);
insert into ServiceRequests (requestID, customerID, vehicleID, requestDate, serviceType, serviceStatus, mechanicID) values (56, 11, 93, '2024-01-30 12:42:31', 'Research and Development', 49, 8);
insert into ServiceRequests (requestID, customerID, vehicleID, requestDate, serviceType, serviceStatus, mechanicID) values (57, 32, 58, '2024-07-17 05:03:56', 'Human Resources', 70, 45);
insert into ServiceRequests (requestID, customerID, vehicleID, requestDate, serviceType, serviceStatus, mechanicID) values (58, 70, 30, '2024-01-10 19:51:53', 'Human Resources', 83, 100);
insert into ServiceRequests (requestID, customerID, vehicleID, requestDate, serviceType, serviceStatus, mechanicID) values (59, 11, 14, '2023-11-02 20:16:42', 'Training', 87, 44);
insert into ServiceRequests (requestID, customerID, vehicleID, requestDate, serviceType, serviceStatus, mechanicID) values (60, 50, 67, '2024-01-09 06:12:05', 'Product Management', 28, 45);
insert into ServiceRequests (requestID, customerID, vehicleID, requestDate, serviceType, serviceStatus, mechanicID) values (61, 10, 66, '2024-05-13 07:59:32', 'Sales', 25, 86);
insert into ServiceRequests (requestID, customerID, vehicleID, requestDate, serviceType, serviceStatus, mechanicID) values (62, 35, 70, '2024-06-29 04:04:49', 'Sales', 90, 33);
insert into ServiceRequests (requestID, customerID, vehicleID, requestDate, serviceType, serviceStatus, mechanicID) values (63, 79, 93, '2023-12-23 02:45:06', 'Services', 64, 59);
insert into ServiceRequests (requestID, customerID, vehicleID, requestDate, serviceType, serviceStatus, mechanicID) values (64, 95, 13, '2023-12-18 08:41:26', 'Services', 88, 36);
insert into ServiceRequests (requestID, customerID, vehicleID, requestDate, serviceType, serviceStatus, mechanicID) values (65, 18, 8, '2024-08-19 23:20:27', 'Accounting', 20, 73);
insert into ServiceRequests (requestID, customerID, vehicleID, requestDate, serviceType, serviceStatus, mechanicID) values (66, 18, 99, '2024-08-01 18:48:49', 'Accounting', 61, 16);
insert into ServiceRequests (requestID, customerID, vehicleID, requestDate, serviceType, serviceStatus, mechanicID) values (67, 82, 27, '2024-09-01 02:26:55', 'Marketing', 92, 34);
insert into ServiceRequests (requestID, customerID, vehicleID, requestDate, serviceType, serviceStatus, mechanicID) values (68, 27, 62, '2024-06-06 03:17:41', 'Human Resources', 56, 89);
insert into ServiceRequests (requestID, customerID, vehicleID, requestDate, serviceType, serviceStatus, mechanicID) values (69, 85, 66, '2024-02-02 02:03:52', 'Human Resources', 47, 85);
insert into ServiceRequests (requestID, customerID, vehicleID, requestDate, serviceType, serviceStatus, mechanicID) values (70, 39, 35, '2024-01-27 16:35:11', 'Engineering', 100, 7);
insert into ServiceRequests (requestID, customerID, vehicleID, requestDate, serviceType, serviceStatus, mechanicID) values (71, 78, 2, '2024-08-28 08:18:50', 'Product Management', 91, 50);
insert into ServiceRequests (requestID, customerID, vehicleID, requestDate, serviceType, serviceStatus, mechanicID) values (72, 53, 26, '2024-03-12 15:42:22', 'Engineering', 7, 31);
insert into ServiceRequests (requestID, customerID, vehicleID, requestDate, serviceType, serviceStatus, mechanicID) values (73, 78, 67, '2023-12-30 22:07:11', 'Marketing', 49, 99);
insert into ServiceRequests (requestID, customerID, vehicleID, requestDate, serviceType, serviceStatus, mechanicID) values (74, 17, 29, '2024-03-04 12:22:02', 'Support', 87, 26);
insert into ServiceRequests (requestID, customerID, vehicleID, requestDate, serviceType, serviceStatus, mechanicID) values (75, 27, 82, '2024-09-11 10:39:13', 'Legal', 66, 51);
insert into ServiceRequests (requestID, customerID, vehicleID, requestDate, serviceType, serviceStatus, mechanicID) values (76, 69, 64, '2023-11-22 00:40:40', 'Support', 86, 95);
insert into ServiceRequests (requestID, customerID, vehicleID, requestDate, serviceType, serviceStatus, mechanicID) values (77, 4, 14, '2024-05-13 22:33:43', 'Business Development', 25, 73);
insert into ServiceRequests (requestID, customerID, vehicleID, requestDate, serviceType, serviceStatus, mechanicID) values (78, 69, 58, '2023-12-19 03:51:25', 'Business Development', 26, 46);
insert into ServiceRequests (requestID, customerID, vehicleID, requestDate, serviceType, serviceStatus, mechanicID) values (79, 11, 100, '2024-01-25 15:15:44', 'Legal', 62, 85);
insert into ServiceRequests (requestID, customerID, vehicleID, requestDate, serviceType, serviceStatus, mechanicID) values (80, 73, 81, '2023-12-31 05:33:44', 'Product Management', 78, 34);
insert into ServiceRequests (requestID, customerID, vehicleID, requestDate, serviceType, serviceStatus, mechanicID) values (81, 64, 86, '2024-03-08 13:40:49', 'Marketing', 22, 92);
insert into ServiceRequests (requestID, customerID, vehicleID, requestDate, serviceType, serviceStatus, mechanicID) values (82, 30, 99, '2023-12-27 11:22:58', 'Accounting', 30, 39);
insert into ServiceRequests (requestID, customerID, vehicleID, requestDate, serviceType, serviceStatus, mechanicID) values (83, 84, 83, '2024-05-02 10:56:44', 'Sales', 5, 17);
insert into ServiceRequests (requestID, customerID, vehicleID, requestDate, serviceType, serviceStatus, mechanicID) values (84, 45, 43, '2024-09-16 00:46:19', 'Product Management', 44, 51);
insert into ServiceRequests (requestID, customerID, vehicleID, requestDate, serviceType, serviceStatus, mechanicID) values (85, 88, 85, '2024-09-19 09:06:19', 'Marketing', 71, 50);
insert into ServiceRequests (requestID, customerID, vehicleID, requestDate, serviceType, serviceStatus, mechanicID) values (86, 97, 47, '2024-03-10 17:25:13', 'Sales', 67, 32);
insert into ServiceRequests (requestID, customerID, vehicleID, requestDate, serviceType, serviceStatus, mechanicID) values (87, 43, 44, '2024-05-10 14:58:08', 'Accounting', 3, 11);
insert into ServiceRequests (requestID, customerID, vehicleID, requestDate, serviceType, serviceStatus, mechanicID) values (88, 9, 62, '2024-04-19 15:26:21', 'Services', 68, 65);
insert into ServiceRequests (requestID, customerID, vehicleID, requestDate, serviceType, serviceStatus, mechanicID) values (89, 48, 7, '2024-08-12 09:08:04', 'Training', 96, 81);
insert into ServiceRequests (requestID, customerID, vehicleID, requestDate, serviceType, serviceStatus, mechanicID) values (90, 78, 29, '2024-08-25 01:16:58', 'Human Resources', 59, 22);
insert into ServiceRequests (requestID, customerID, vehicleID, requestDate, serviceType, serviceStatus, mechanicID) values (91, 58, 6, '2023-10-14 21:17:46', 'Training', 36, 77);
insert into ServiceRequests (requestID, customerID, vehicleID, requestDate, serviceType, serviceStatus, mechanicID) values (92, 9, 30, '2024-09-15 18:17:41', 'Product Management', 48, 96);
insert into ServiceRequests (requestID, customerID, vehicleID, requestDate, serviceType, serviceStatus, mechanicID) values (93, 2, 39, '2023-12-20 21:34:20', 'Sales', 24, 25);
insert into ServiceRequests (requestID, customerID, vehicleID, requestDate, serviceType, serviceStatus, mechanicID) values (94, 19, 14, '2024-04-09 17:28:42', 'Accounting', 53, 37);
insert into ServiceRequests (requestID, customerID, vehicleID, requestDate, serviceType, serviceStatus, mechanicID) values (95, 96, 36, '2024-05-28 19:16:54', 'Human Resources', 91, 76);
insert into ServiceRequests (requestID, customerID, vehicleID, requestDate, serviceType, serviceStatus, mechanicID) values (96, 14, 3, '2024-03-19 16:20:04', 'Sales', 87, 42);
insert into ServiceRequests (requestID, customerID, vehicleID, requestDate, serviceType, serviceStatus, mechanicID) values (97, 57, 9, '2024-02-25 04:18:38', 'Marketing', 42, 71);
insert into ServiceRequests (requestID, customerID, vehicleID, requestDate, serviceType, serviceStatus, mechanicID) values (98, 82, 3, '2024-03-08 15:06:40', 'Business Development', 53, 29);
insert into ServiceRequests (requestID, customerID, vehicleID, requestDate, serviceType, serviceStatus, mechanicID) values (99, 41, 19, '2023-12-10 06:31:23', 'Business Development', 91, 78);
insert into ServiceRequests (requestID, customerID, vehicleID, requestDate, serviceType, serviceStatus, mechanicID) values (100, 22, 88, '2023-11-11 04:30:33', 'Support', 76, 38);

create table Vehicles (
	vehicleID INT,
	model VARCHAR(50),
	year VARCHAR(50),
	VIN VARCHAR(50),
	customerID INT
);
insert into Vehicles (vehicleID, model, year, VIN, customerID) values (1, 'Quattroporte', 2006, 'WVGEF9BP3ED944793', 48);
insert into Vehicles (vehicleID, model, year, VIN, customerID) values (2, 'F350', 2004, '1FTEX1CM0BK912928', 8);
insert into Vehicles (vehicleID, model, year, VIN, customerID) values (3, 'Mark VIII', 1996, 'ZHWGU5BZ1CL006184', 98);
insert into Vehicles (vehicleID, model, year, VIN, customerID) values (4, 'Explorer', 2004, 'WAULD64B23N422677', 3);
insert into Vehicles (vehicleID, model, year, VIN, customerID) values (5, 'Grand Caravan', 1999, 'WAUEFAFL0CN081033', 5);
insert into Vehicles (vehicleID, model, year, VIN, customerID) values (6, 'M', 2004, 'WAUFFAFCXEN497209', 27);
insert into Vehicles (vehicleID, model, year, VIN, customerID) values (7, 'Taurus', 2009, 'WAUKH98E37A351654', 12);
insert into Vehicles (vehicleID, model, year, VIN, customerID) values (8, 'S40', 2006, 'SCBCP7ZA3AC946156', 25);
insert into Vehicles (vehicleID, model, year, VIN, customerID) values (9, 'Gemini', 1989, 'YV1902MD1F1231776', 89);
insert into Vehicles (vehicleID, model, year, VIN, customerID) values (10, 'Silverado', 2002, 'WBAVL1C5XEV842961', 4);
insert into Vehicles (vehicleID, model, year, VIN, customerID) values (11, 'PT Cruiser', 2005, '1FTSW2B50AE949187', 30);
insert into Vehicles (vehicleID, model, year, VIN, customerID) values (12, '911', 2006, 'WAUJC58E73A755991', 94);
insert into Vehicles (vehicleID, model, year, VIN, customerID) values (13, 'Grand Cherokee', 1993, '2T1BURHE5EC581882', 74);
insert into Vehicles (vehicleID, model, year, VIN, customerID) values (14, 'Sierra 1500', 2007, 'JN1BJ0HRXDM078957', 51);
insert into Vehicles (vehicleID, model, year, VIN, customerID) values (15, 'RX-7', 1984, 'WAUEF78E27A686959', 45);
insert into Vehicles (vehicleID, model, year, VIN, customerID) values (16, 'PT Cruiser', 2006, '1GTN1TEX4CZ857903', 71);
insert into Vehicles (vehicleID, model, year, VIN, customerID) values (17, '6 Series', 2004, 'WAUAH74F48N254634', 32);
insert into Vehicles (vehicleID, model, year, VIN, customerID) values (18, 'LX', 1996, 'WBAVB73577P686424', 5);
insert into Vehicles (vehicleID, model, year, VIN, customerID) values (19, 'E-Series', 2003, 'JN8AE2KP3B9831555', 95);
insert into Vehicles (vehicleID, model, year, VIN, customerID) values (20, 'Regal', 1999, '5NPDH4AE2BH662003', 41);
insert into Vehicles (vehicleID, model, year, VIN, customerID) values (21, 'MPV', 2003, 'WBA4A9C50FD461661', 92);
insert into Vehicles (vehicleID, model, year, VIN, customerID) values (22, 'LeMans', 1965, 'JHMZF1D45DS729581', 85);
insert into Vehicles (vehicleID, model, year, VIN, customerID) values (23, 'LeSabre', 2004, 'WBAYG0C51DD461743', 12);
insert into Vehicles (vehicleID, model, year, VIN, customerID) values (24, 'Freelander', 2010, '19UUA56752A882555', 84);
insert into Vehicles (vehicleID, model, year, VIN, customerID) values (25, 'Malibu', 2012, '5NPDH4AE0CH171964', 40);
insert into Vehicles (vehicleID, model, year, VIN, customerID) values (26, 'Thunderbird', 1989, 'JM3KE2BE7D0172070', 77);
insert into Vehicles (vehicleID, model, year, VIN, customerID) values (27, 'Savana 3500', 2006, '19UUA8F36EA173829', 24);
insert into Vehicles (vehicleID, model, year, VIN, customerID) values (28, '1500', 2012, 'WBAYF4C53ED143490', 72);
insert into Vehicles (vehicleID, model, year, VIN, customerID) values (29, 'Impala', 2003, 'TRUSC28N641884687', 18);
insert into Vehicles (vehicleID, model, year, VIN, customerID) values (30, 'Taurus', 2008, '5TDBK3EH7CS204928', 88);
insert into Vehicles (vehicleID, model, year, VIN, customerID) values (31, 'GTO', 1992, 'WAUFFAFL3FN199151', 22);
insert into Vehicles (vehicleID, model, year, VIN, customerID) values (32, 'C70', 2007, 'WAUEF98E17A829637', 7);
insert into Vehicles (vehicleID, model, year, VIN, customerID) values (33, 'Cherokee', 1999, '1C3CCBAG7EN127404', 30);
insert into Vehicles (vehicleID, model, year, VIN, customerID) values (34, 'M6', 2006, '1N4AA5AP4BC699652', 82);
insert into Vehicles (vehicleID, model, year, VIN, customerID) values (35, 'Tacoma', 2011, 'KMHEC4A41EA355939', 83);
insert into Vehicles (vehicleID, model, year, VIN, customerID) values (36, 'Impala', 1996, 'SCFBB03B87G883638', 47);
insert into Vehicles (vehicleID, model, year, VIN, customerID) values (37, '8 Series', 1995, '1FBNE3BL8CD241819', 78);
insert into Vehicles (vehicleID, model, year, VIN, customerID) values (38, 'Ram Van 1500', 1995, '1GYS4KEF9DR464700', 32);
insert into Vehicles (vehicleID, model, year, VIN, customerID) values (39, 'ES', 1995, 'JTDKTUD31ED877544', 6);
insert into Vehicles (vehicleID, model, year, VIN, customerID) values (40, 'Silverado 3500', 2001, 'WAUMGBFL4CA680300', 100);
insert into Vehicles (vehicleID, model, year, VIN, customerID) values (41, 'Trooper', 1999, 'WAUFFAFL3BA812824', 13);
insert into Vehicles (vehicleID, model, year, VIN, customerID) values (42, 'NSX', 1999, '5TFCW5F18BX152885', 30);
insert into Vehicles (vehicleID, model, year, VIN, customerID) values (43, 'Sierra 2500', 2007, '1LNHL9DR5AG814219', 13);
insert into Vehicles (vehicleID, model, year, VIN, customerID) values (44, '9-4X', 2011, '5GAKRBEDXBJ695477', 62);
insert into Vehicles (vehicleID, model, year, VIN, customerID) values (45, 'Corsica', 1992, '1G4PR5SK5F4325384', 67);
insert into Vehicles (vehicleID, model, year, VIN, customerID) values (46, '2500', 2000, '1G6KE57Y81U932799', 28);
insert into Vehicles (vehicleID, model, year, VIN, customerID) values (47, 'F-Series', 2001, '1N6AF0KY8FN699053', 42);
insert into Vehicles (vehicleID, model, year, VIN, customerID) values (48, 'Tacoma Xtra', 2000, '5UXZV4C57DL153551', 28);
insert into Vehicles (vehicleID, model, year, VIN, customerID) values (49, 'XT', 1986, 'WBAYE8C53DD268871', 52);
insert into Vehicles (vehicleID, model, year, VIN, customerID) values (50, 'Grand Vitara', 2007, 'WA1LKBFP2AA019503', 35);
insert into Vehicles (vehicleID, model, year, VIN, customerID) values (51, 'Dakota', 1996, '3C63D3MLXCG517014', 75);
insert into Vehicles (vehicleID, model, year, VIN, customerID) values (52, 'Mountaineer', 1999, 'WBANF33596B675224', 73);
insert into Vehicles (vehicleID, model, year, VIN, customerID) values (53, 'Tacoma', 2006, '1G4PR5SK5D4941597', 72);
insert into Vehicles (vehicleID, model, year, VIN, customerID) values (54, '4Runner', 2003, '5N1AN0NU7FN604895', 31);
insert into Vehicles (vehicleID, model, year, VIN, customerID) values (55, 'RSX', 2003, '3LN6L2LU7FR364979', 33);
insert into Vehicles (vehicleID, model, year, VIN, customerID) values (56, 'Cavalier', 2002, '2G4WE567651784818', 19);
insert into Vehicles (vehicleID, model, year, VIN, customerID) values (57, '928', 1988, '1G4GL5E3XCF818368', 28);
insert into Vehicles (vehicleID, model, year, VIN, customerID) values (58, 'Element', 2004, 'JH4DC53014S091189', 85);
insert into Vehicles (vehicleID, model, year, VIN, customerID) values (59, 'Legacy', 2007, '3C6TD5HTXCG130484', 38);
insert into Vehicles (vehicleID, model, year, VIN, customerID) values (60, 'Yukon', 2006, 'WAUFEAFM7CA013061', 11);
insert into Vehicles (vehicleID, model, year, VIN, customerID) values (61, '6000', 1988, 'WAUCFAFC0DN958175', 52);
insert into Vehicles (vehicleID, model, year, VIN, customerID) values (62, 'GS', 2008, '1FTWW3CY7AE791396', 95);
insert into Vehicles (vehicleID, model, year, VIN, customerID) values (63, 'Crossfire', 2007, 'WA1VKAFP1AA108126', 42);
insert into Vehicles (vehicleID, model, year, VIN, customerID) values (64, 'Ram 2500', 2006, '19VDE1F53EE827980', 41);
insert into Vehicles (vehicleID, model, year, VIN, customerID) values (65, 'G-Class', 2005, '5NPDH4AE0BH162020', 28);
insert into Vehicles (vehicleID, model, year, VIN, customerID) values (66, 'Cougar', 2001, '19VDE1F59DE144910', 24);
insert into Vehicles (vehicleID, model, year, VIN, customerID) values (67, 'Titan', 2008, '3D7LP2ET1AG289092', 19);
insert into Vehicles (vehicleID, model, year, VIN, customerID) values (68, '2500 Club Coupe', 1998, '1FTNF1E81AK366643', 6);
insert into Vehicles (vehicleID, model, year, VIN, customerID) values (69, 'F250', 1993, '1GKS2FEJ7DR148899', 88);
insert into Vehicles (vehicleID, model, year, VIN, customerID) values (70, 'EXP', 1984, '1G4HP54K234431228', 9);
insert into Vehicles (vehicleID, model, year, VIN, customerID) values (71, 'SJ', 1994, '3G5DA03E74S207660', 69);
insert into Vehicles (vehicleID, model, year, VIN, customerID) values (72, 'Firebird', 2002, '2LMDJ6JK6BB739313', 40);
insert into Vehicles (vehicleID, model, year, VIN, customerID) values (73, 'Coachbuilder', 1993, '2G61T5S3XD9485813', 89);
insert into Vehicles (vehicleID, model, year, VIN, customerID) values (74, 'E150', 2009, '2FMGK5BC7BB702131', 40);
insert into Vehicles (vehicleID, model, year, VIN, customerID) values (75, 'Odyssey', 2006, 'WAUJT68E32A692361', 31);
insert into Vehicles (vehicleID, model, year, VIN, customerID) values (76, 'New Beetle', 2002, 'YV1672MK8B2106050', 78);
insert into Vehicles (vehicleID, model, year, VIN, customerID) values (77, 'A4', 1999, '1G4GD5GR0CF567715', 88);
insert into Vehicles (vehicleID, model, year, VIN, customerID) values (78, 'Millenia', 1995, '1G4GG5G3XCF565635', 77);
insert into Vehicles (vehicleID, model, year, VIN, customerID) values (79, 'Swift', 1996, 'WBAVM5C55DV982399', 63);
insert into Vehicles (vehicleID, model, year, VIN, customerID) values (80, '7 Series', 1994, 'WBADN53492G305132', 10);
insert into Vehicles (vehicleID, model, year, VIN, customerID) values (81, 'XK', 2010, 'YV1612FH1D2522155', 9);
insert into Vehicles (vehicleID, model, year, VIN, customerID) values (82, 'Reliant', 1981, 'WBASP4C52AC891294', 95);
insert into Vehicles (vehicleID, model, year, VIN, customerID) values (83, 'Gallardo', 2008, '4F2CY0C79BK838002', 87);
insert into Vehicles (vehicleID, model, year, VIN, customerID) values (84, 'LR2', 2008, 'WA1VMAFP0EA916239', 11);
insert into Vehicles (vehicleID, model, year, VIN, customerID) values (85, 'Stratus', 2001, '1FTSW2B55AE770000', 9);
insert into Vehicles (vehicleID, model, year, VIN, customerID) values (86, 'Integra', 2001, '3VW507AT8EM238509', 7);
insert into Vehicles (vehicleID, model, year, VIN, customerID) values (87, 'Yukon', 2006, 'WAUDH78EX6A155058', 83);
insert into Vehicles (vehicleID, model, year, VIN, customerID) values (88, 'Scirocco', 1985, '19UYA42732A175732', 37);
insert into Vehicles (vehicleID, model, year, VIN, customerID) values (89, 'QX', 2010, 'WBA3N5C54FK634635', 3);
insert into Vehicles (vehicleID, model, year, VIN, customerID) values (90, 'Prowler', 2000, 'WBA3B3C57EJ035018', 44);
insert into Vehicles (vehicleID, model, year, VIN, customerID) values (91, 'Villager', 2002, '1D4PU6GXXAW729522', 92);
insert into Vehicles (vehicleID, model, year, VIN, customerID) values (92, 'Villager', 1993, '3D4PG5FV8AT340028', 98);
insert into Vehicles (vehicleID, model, year, VIN, customerID) values (93, 'Sierra 3500HD', 2006, '5NPDH4AE1EH536073', 56);
insert into Vehicles (vehicleID, model, year, VIN, customerID) values (94, 'SL-Class', 2008, 'WBAAX13494P144208', 95);
insert into Vehicles (vehicleID, model, year, VIN, customerID) values (95, 'Swift', 1998, '2G4GP5EX9F9784668', 80);
insert into Vehicles (vehicleID, model, year, VIN, customerID) values (96, 'SJ', 1993, 'WA1WMAFE1ED924707', 99);
insert into Vehicles (vehicleID, model, year, VIN, customerID) values (97, 'Supra', 1994, 'JTHBL5EF3C5599346', 64);
insert into Vehicles (vehicleID, model, year, VIN, customerID) values (98, 'GS', 1993, '3C3CFFDR2FT492053', 28);
insert into Vehicles (vehicleID, model, year, VIN, customerID) values (99, 'Cougar', 1988, 'SCFFDCCD8BG746254', 1);
insert into Vehicles (vehicleID, model, year, VIN, customerID) values (100, 'Versa', 2011, 'WAUDF48H57A981476', 93);



